{"cameraMode":{"drawMode":0,"name":"Shaded","section":"Shading Mode"},"sceneLighting":false,"audioPlay":false,"sceneViewState":{"showFog":true,"showMaterialUpdate":false,"showSkybox":false,"showFlares":true,"showImageEffects":true,"showParticleSystems":true},"in2DMode":false,"pivot":{"x":280.2329406738281,"y":99.67034149169922,"z":-58.092220306396487},"rotation":{"x":0.0026166702155023815,"y":0.9954554438591003,"z":-0.02868949994444847,"w":0.09076651185750961},"size":2.8578836917877199,"orthographic":false}