{"cameraMode":{"drawMode":0,"name":"Shaded","section":"Shading Mode"},"sceneLighting":true,"audioPlay":false,"sceneViewState":{"showFog":true,"showMaterialUpdate":false,"showSkybox":true,"showFlares":true,"showImageEffects":true,"showParticleSystems":true},"in2DMode":false,"pivot":{"x":0.14875076711177827,"y":2.024289131164551,"z":1.6348828077316285},"rotation":{"x":0.0019174613989889622,"y":0.9525246620178223,"z":-0.304396390914917,"w":0.005999164655804634},"size":0.23304516077041627,"orthographic":false}