{"cameraMode":{"drawMode":0,"name":"Shaded","section":"Shading Mode"},"sceneLighting":false,"audioPlay":false,"sceneViewState":{"showFog":true,"showMaterialUpdate":false,"showSkybox":false,"showFlares":true,"showImageEffects":true,"showParticleSystems":true},"in2DMode":false,"pivot":{"x":10.089163780212403,"y":2.335991859436035,"z":5.938521862030029},"rotation":{"x":-0.022441282868385316,"y":0.9520741105079651,"z":-0.2964034676551819,"w":-0.07208617031574249},"size":5.985789775848389,"orthographic":false}