{"cameraMode":{"drawMode":0,"name":"Shaded","section":"Shading Mode"},"sceneLighting":false,"audioPlay":false,"sceneViewState":{"showFog":true,"showMaterialUpdate":false,"showSkybox":false,"showFlares":true,"showImageEffects":true,"showParticleSystems":true},"in2DMode":false,"pivot":{"x":0.5868896842002869,"y":0.5823500156402588,"z":-0.06874080002307892},"rotation":{"x":-0.10225287824869156,"y":0.8380114436149597,"z":-0.16839955747127534,"w":-0.5088446140289307},"size":0.5350464582443237,"orthographic":false}