{"cameraMode":{"drawMode":0,"name":"Shaded","section":"Shading Mode"},"sceneLighting":true,"audioPlay":false,"sceneViewState":{"showFog":true,"showMaterialUpdate":false,"showSkybox":true,"showFlares":true,"showImageEffects":true,"showParticleSystems":true},"in2DMode":false,"pivot":{"x":10.300000190734864,"y":2.2200000286102297,"z":6.769999980926514},"rotation":{"x":-0.24703973531723023,"y":0.6432754993438721,"z":-0.23140348494052888,"w":-0.6867462396621704},"size":22.0,"orthographic":false}