{"cameraMode":{"drawMode":0,"name":"Shaded","section":"Shading Mode"},"sceneLighting":true,"audioPlay":false,"sceneViewState":{"showFog":true,"showMaterialUpdate":false,"showSkybox":true,"showFlares":true,"showImageEffects":true,"showParticleSystems":true},"in2DMode":false,"pivot":{"x":281.7086181640625,"y":98.5262451171875,"z":-58.0055046081543},"rotation":{"x":-0.10016801953315735,"y":0.7848594784736633,"z":0.131648451089859,"w":0.5971856713294983},"size":278.88214111328127,"orthographic":false}