{"cameraMode":{"drawMode":0,"name":"Shaded","section":"Shading Mode"},"sceneLighting":false,"audioPlay":false,"sceneViewState":{"showFog":true,"showMaterialUpdate":false,"showSkybox":false,"showFlares":true,"showImageEffects":true,"showParticleSystems":true},"in2DMode":false,"pivot":{"x":1.8588435649871827,"y":0.690483808517456,"z":1.3148136138916016},"rotation":{"x":0.08786880970001221,"y":0.8490849733352661,"z":-0.14952167868614198,"w":0.4989759922027588},"size":6.441659927368164,"orthographic":false}